{"cameraMode":{"drawMode":0,"name":"Shaded","section":"Shading Mode"},"sceneLighting":true,"audioPlay":false,"sceneViewState":{"m_AlwaysRefresh":false,"showFog":true,"showSkybox":true,"showFlares":true,"showImageEffects":true,"showParticleSystems":true,"showVisualEffectGraphs":true,"m_FxEnabled":true},"in2DMode":false,"pivot":{"x":6.28761100769043,"y":-1.8115930557250977,"z":7.607548713684082},"rotation":{"x":0.031897950917482379,"y":-0.8604409098625183,"z":0.05427961423993111,"w":0.5056463479995728},"size":12.400206565856934,"orthographic":false}